{
  "V_dynamics_method": "linear_exact",
  "C_m": 105.581175531109,
  "V_th": -34.98124617381899,
  "t_ref": 2.4499999999999997,
  "tau_syn": [
    5.5,
    8.5,
    2.8,
    5.8
  ],
  "E_L": -69.29877090454103,
  "g": 5.431390685159591,
  "V_reset": -69.29877090454103
}